name,slug,category_slug,unit,product_type,description
Odit id ipsam,odit-id-ipsam,plants,pcs,sellable,Et velit cumque optio voluptatem et quo est.
Odit et non,odit-et-non,pots,litre,sellable,Molestias quisquam quaerat ea sequi optio accusantium voluptatem veritatis architecto deleniti ut occaecati eligendi sit.
Deserunt quos illum,deserunt-quos-illum,tools,litre,catalog,Error sint distinctio enim quis omnis beatae laborum voluptas.
Veritatis placeat sed,veritatis-placeat-sed,pots,kg,sellable,Ratione incidunt id ducimus est qui rerum delectus.
Incidunt sunt at,incidunt-sunt-at,tools,litre,sellable,Sit minus placeat voluptatibus doloribus ut reprehenderit qui necessitatibus dolorem et nostrum quisquam.
Sit nulla provident,sit-nulla-provident,tools,kg,sellable,Ut et eos maxime libero pariatur sit itaque ut facilis nam.
Sunt corporis pariatur,sunt-corporis-pariatur,soil,kg,sellable,Molestias in voluptates qui dolorem ipsam deleniti maxime deleniti nam molestias nemo minus libero maxime.
Quae quia est,quae-quia-est,tools,pcs,catalog,Voluptatem sit at facere officiis veniam repellat voluptatem repellendus et impedit cum maxime.
Recusandae voluptatem expedita,recusandae-voluptatem-expedita,soil,pcs,catalog,Mollitia nulla nemo est nulla omnis accusamus et libero architecto nihil autem.
Perspiciatis laboriosam nobis,perspiciatis-laboriosam-nobis,soil,pcs,catalog,Vel officia est qui tempora deserunt neque tenetur nisi eligendi corrupti maxime.
Vero et optio,vero-et-optio,tools,litre,sellable,Eum vel aliquam incidunt tempore veniam non vel et odio.
Consequatur ut rerum,consequatur-ut-rerum,pots,kg,catalog,Reiciendis distinctio sed facere qui qui est ab modi omnis eligendi.
Dolores esse minus,dolores-esse-minus,soil,litre,sellable,Voluptatibus perferendis repellat voluptas sed exercitationem ipsum.
Excepturi omnis voluptatibus,excepturi-omnis-voluptatibus,pots,pcs,catalog,Corrupti consequatur qui enim eligendi a ut rerum voluptas.
Tempore officia dolorem,tempore-officia-dolorem,plants,litre,catalog,Aut accusamus qui quam est voluptates tenetur est id quibusdam.
Voluptas odit autem,voluptas-odit-autem,pots,kg,sellable,Itaque autem praesentium molestias est delectus qui aut et id voluptatem quae.
Vel voluptas dolor,vel-voluptas-dolor,tools,litre,sellable,Veniam illo earum ea sed quia saepe atque et odio distinctio est.
Labore vitae delectus,labore-vitae-delectus,soil,kg,catalog,Et aperiam iste et expedita quis aut nihil deleniti quia.
Ut ab tempora,ut-ab-tempora,tools,pcs,sellable,Est sapiente eos cupiditate necessitatibus voluptatibus maxime magnam et.
Accusantium esse eum,accusantium-esse-eum,pots,pcs,catalog,Et soluta numquam consequatur optio quam minus ipsam tempore vel fugiat.
Enim deleniti qui,enim-deleniti-qui,plants,pcs,sellable,Numquam sit alias officia voluptate ratione et doloribus ullam voluptas voluptatibus maiores.
Sit ratione nulla,sit-ratione-nulla,plants,pcs,catalog,Enim exercitationem et doloribus ut laudantium tempora aut voluptatem non est porro reprehenderit consequatur.
Eos dolorem eum,eos-dolorem-eum,pots,litre,sellable,Officiis officiis expedita ipsum assumenda mollitia ut et saepe suscipit atque voluptates qui doloribus.
Recusandae saepe alias,recusandae-saepe-alias,pots,litre,sellable,Aut minus possimus et placeat ut alias aut voluptatem id aliquam quae amet asperiores.
Illo consectetur quis,illo-consectetur-quis,soil,kg,sellable,Sequi sint vel et rerum ipsam libero eaque corrupti et laboriosam sint aut.
Blanditiis ea ut,blanditiis-ea-ut,plants,kg,sellable,Repudiandae dolor veritatis quas consequuntur et dolorum.
Ratione deleniti quae,ratione-deleniti-quae,plants,litre,sellable,Nesciunt facilis velit deserunt reprehenderit facere ab consequatur consequatur a dignissimos esse totam.
Id id rerum,id-id-rerum,pots,pcs,catalog,Eum doloribus dolorem repellendus et eos veritatis.
Id sint quos,id-sint-quos,plants,kg,catalog,Aut blanditiis sint consequatur totam cupiditate aut et magni et dolorem consectetur aperiam totam.
Sed dolor molestiae,sed-dolor-molestiae,plants,kg,catalog,Officiis omnis delectus impedit maxime reiciendis voluptatum rerum.
Nobis qui similique,nobis-qui-similique,tools,pcs,sellable,Veritatis perferendis eius vitae sapiente asperiores quo sequi.
Impedit placeat quidem,impedit-placeat-quidem,soil,kg,sellable,Sunt velit consequuntur quia dolores pariatur sequi et voluptatem id dolores dolorum.
Ab et quasi,ab-et-quasi,plants,pcs,catalog,Sit modi vel voluptatum minus est distinctio qui aut enim commodi ut assumenda ipsam.
Reiciendis qui aut,reiciendis-qui-aut,plants,kg,sellable,Optio id sed voluptatum eos assumenda repudiandae dignissimos.
Est tenetur qui,est-tenetur-qui,pots,kg,catalog,Enim reiciendis nam et explicabo voluptates assumenda quisquam quas enim dolores.
Odit tempora animi,odit-tempora-animi,pots,kg,sellable,Et inventore velit rerum nostrum occaecati nulla eum laboriosam perspiciatis qui fugit incidunt.
Possimus minus ea,possimus-minus-ea,soil,litre,catalog,Voluptatibus et aliquid illo consequatur laboriosam porro aut at maxime et.
Et quis qui,et-quis-qui,plants,pcs,sellable,Voluptatibus odio dolores qui doloremque rerum ipsum non.
Repellendus impedit eos,repellendus-impedit-eos,pots,kg,catalog,A voluptas alias dicta accusamus dolorem sint eius ex sint rerum impedit aperiam porro.
Eos iure delectus,eos-iure-delectus,pots,kg,sellable,Cumque odio nemo voluptate nam adipisci porro.
Porro qui quos,porro-qui-quos,plants,litre,sellable,Laboriosam quas omnis quo ea impedit voluptatem aut omnis totam.
Praesentium quasi earum,praesentium-quasi-earum,tools,pcs,sellable,Quasi natus fugit voluptas facere nihil dolorem iure nostrum sapiente minus aut error.
Sed est non,sed-est-non,pots,litre,catalog,Eum voluptate laborum sit debitis nihil dolorum deserunt ut.
Ullam laboriosam molestiae,ullam-laboriosam-molestiae,soil,litre,catalog,Nostrum ipsa omnis recusandae velit dolorum suscipit laudantium quia eius est.
Qui alias ab,qui-alias-ab,plants,pcs,catalog,Doloremque tenetur quisquam eum illo corrupti autem sed.
Omnis est ea,omnis-est-ea,soil,kg,catalog,Qui porro qui sed soluta omnis vel non necessitatibus.
Fugit ea odio,fugit-ea-odio,pots,pcs,catalog,Sit laborum quia perspiciatis ab consequatur id.
Exercitationem voluptatem nemo,exercitationem-voluptatem-nemo,tools,litre,catalog,Accusantium sint adipisci ea et esse cumque.
Quia voluptatem modi,quia-voluptatem-modi,soil,kg,sellable,Aut quia porro cupiditate quo et earum odit qui recusandae quia dicta.
In quae expedita,in-quae-expedita,pots,kg,sellable,Fugiat qui molestias molestiae et autem omnis qui maxime dolorem neque voluptatem.
